Year,Net Supply (GHGRP),Consumption (AIM Act),Phasedown Limit (MMTCO2e),Phasedown Limit (percent)
2019,314,,,
2020,309,,,
2021,461,,,
2022,,255.25870483,273.498315,90%
2023,,255.27085524,273.498315,90%
2024,,171.80974469,181.52299,60%
2025,,170.08722442,181.52299,60%
2026,,,181.52299,60%
2027,,,181.52299,60%
2028,,,181.52299,60%
2029,,,90.761495,30%
2030,,,90.761495,30%
2031,,,90.761495,30%
2032,,,90.761495,30%
2033,,,90.761495,30%
2034,,,60.507663,20%
2035,,,60.507663,20%
2036,,,45.380747,15%
2037,,,45.380747,15%
2038,,,45.380747,15%
2039,,,45.380747,15%
