Entity,Applicable Year,Number of Allowances Issued (MTEVe),Allowance Adjustments/Transfers (MTEVe),Allowance Expenditures/Imports (MTEVe),Allowance Expenditures/Production (MTEVe),Unused Allowances (MTEVe)
Arkema,2022,40821168.5,1791901.7,0,-24035682.5,18577387.7
Chemours,2022,75606548.8,10380742,0,-42025078.7,43962212.1
Iofina Chemical,2022,1756.3,0,0,-1339.7,416.6
IsleChem by Aceto,2022,0,50005,0,-44673.4,5331.6
Mexichem Fluor Inc.,2022,50481897.5,3012551.301,0,-41805764.8,11688684
Honeywell International,2022,171527851.5,-16026773.7,0,-72229088.6,83271989.2
Arkema,2023,40873469.3,1450655.2,0,-15178199.3,27145925.2
Chemours,2023,75703417.3,10387421.93,0,-44750343.4,41340495.8
Daikin America,2023,0,147690,0,-91895.5,55794.5
Iofina Chemical,2023,1758.6,0,0,-1299.1,459.5
IsleChem by Aceto,2023,0,11645,0,-10644.9,1000.1
Mexichem Fluor Inc.,2023,50546575.8,1809139.154,0,-33776946.7,18578768.2
Honeywell International,2023,171747616.1,-14505244.1,0,-69850227.7,87392144.3
Arkema,2024,26990669,-3269360.2,0,-11851537.9,11869770.9
Chemours,2024,50038369.2,4462000,0,-33542979.8,20957389.4
Daikin America,2024,0,156000,0,-139001.8,16998.2
Iofina Chemical,2024,1160.9,0,0,-775.5,385.4
IsleChem by Aceto,2024,0,46948.4,0,-46300,648.4
Mexichem Fluor Inc.,2024,33378274.7,531736.77,0,-23756861.4,10153150.1
Honeywell International,2024,113275864.9,-2332695.6,0,-56302374.4,54640794.9
Arkema,2025,26569642,256443.648,0,-16121699.2,10704386.4
Chemours,2025,49257821.8,5081024.4,0,-41474703,12864143.2
Iofina Chemical,2025,1142.5,0,0,-573.7,568.8
IsleChem by Aceto,2025,0,27400,0,-22432.1,4967.9
Mexichem Fluor Inc.,2025,32857607.7,2533835.39,0,-26471816.2,8919626.9
Solstice Advanced Materials US,2025,111508876.7,-8424093.3,0,-50418543.1,52666240.3
Application-Specific,2022,5859934.4,0,-2305793.1,-509939.3,3044202
Application-Specific,2023,5426319.9,0,-2213103.3,-442888.2,2770328.4
Application-Specific,2024,5836924.3,0,-2579392.7,-433491.7,2834247.8
Application-Specific,2025,9326172.3,-23.5,-5909791.3,-484615.1,2927241.8
