Year,HFC,HFC Category for Chart,Quantity in Inventory (MT),Quantity in Inventory (MTCO2e),GWP
2022,HFC-23,HFC-23,301.3445591,4459899.475,14800
2023,HFC-143a,HFC-143a,17354.33427,77573874.17,4470
2022,HFC-43-10mee,HFC-43-10mee,102.557,168193.48,1640
2023,HFC-43-10mee,HFC-43-10mee,140.068,229711.52,1640
2024,HFC-23,HFC-23,325.648635,4819599.797,14800
2025,HFC-134a,HFC-134a,23419.26548,33489549.63,1430
2025,HFC-125,HFC-125,44015.64312,154054750.9,3500
2024,HFC-245fa,HFC-245fa,1247.954472,1285393.106,1030
2024,HFC-236ea,Other HFCs,15.412,21114.44,1370
2025,HFC-32,HFC-32,29647.66105,20012171.21,675
2022,HFC-143a,HFC-143a,20437.58881,91356021.96,4470
2023,HFC-125,HFC-125,52863.13683,185020978.9,3500
2024,HFC-125,HFC-125,46390.5846,162367046.1,3500
2022,HFC-245fa,HFC-245fa,1529.22844,1575105.293,1030
2023,HFC-152a,HFC-152a,4931.291683,611480.1687,124
2025,HFC-365mfc,Other HFCs,0.055136013,43.77799416,794
2022,HFC-41,Other HFCs,26.67035909,2453.673036,92
2025,HFC-134,Other HFCs,792.414613,871656.0743,1100
2023,HFC-134,Other HFCs,550.947,606041.7,1100
2022,HFC-125,HFC-125,54381.01502,190333552.6,3500
2025,HFC-143a,HFC-143a,12876.75812,57559108.78,4470
2024,HFC-134,Other HFCs,514.27263,565699.893,1100
2025,HFC-23,HFC-23,508.9785829,7532883.028,14800
2025,HFC-41,Other HFCs,14.1735696,1303.968403,92
2025,HFC-152,HFC-152,0.000296733,0.015726849,53
2023,HFC-236ea,Other HFCs,15.08,20659.6,1370
2023,HFC-41,Other HFCs,11.8489,1090.0988,92
2023,HFC-134a,HFC-134a,38854.19667,55561501.24,1430
2024,HFC-134a,HFC-134a,24611.00683,35193739.76,1430
2022,HFC-152a,HFC-152a,3228.376982,400318.7458,124
2022,HFC-134a,HFC-134a,51043.90956,72992790.67,1430
2023,HFC-227ea,HFC-227ea,1173.293922,3778006.43,3220
2024,HFC-32,HFC-32,21169.74691,14289579.16,675
2024,HFC-152a,HFC-152a,5650.378023,700646.8748,124
2022,HFC-365mfc,Other HFCs,0.0016,1.2704,794
2022,HFC-236fa,HFC-236fa,154.6021988,1516647.57,9810
2023,HFC-143,HFC-143,0.19298,68.12194,353
2025,HFC-43-10mee,HFC-43-10mee,71.31239276,116952.3241,1640
2022,HFC-134,Other HFCs,374.67,412137,1100
2024,HFC-41,Other HFCs,13.92339489,1280.95233,92
2024,HFC-227ea,HFC-227ea,743.9933493,2395658.585,3220
2025,HFC-236fa,HFC-236fa,156.8530453,1538728.375,9810
2023,HFC-245fa,HFC-245fa,1072.184997,1104350.547,1030
2022,HFC-143,HFC-143,2.89068,1020.41004,353
2024,HFC-236fa,HFC-236fa,155.3496368,1523979.937,9810
2025,HFC-236ea,Other HFCs,18.36755506,25163.55044,1370
2025,HFC-245ca,HFC-245ca,0.010950984,7.589031981,693
2022,HFC-236ea,Other HFCs,29.85906,40906.9122,1370
2022,HFC-32,HFC-32,20908.50754,14113242.59,675
2025,HFC-152a,HFC-152a,3654.714052,453184.5425,124
2023,HFC-236fa,HFC-236fa,340.9134409,3344360.855,9810
2024,HFC-143,HFC-143,0.0002,0.0706,353
2024,HFC-43-10mee,HFC-43-10mee,103.52038,169773.4232,1640
2025,HFC-143,HFC-143,0.111080484,39.21141092,353
2025,HFC-245fa,HFC-245fa,1454.823216,1498467.913,1030
2023,HFC-32,HFC-32,24387.89838,16461831.4,675
2024,HFC-365mfc,Other HFCs,0.02184,17.34096,794
2024,HFC-143a,HFC-143a,14197.56213,63463102.7,4470
2023,HFC-23,HFC-23,284.9717961,4217582.582,14800
2025,HFC-227ea,HFC-227ea,536.0121035,1725958.973,3220
2022,HFC-227ea,HFC-227ea,903.0448578,2907804.442,3220
2025,HFC-236cb,HFC-236cb,0.000433,0.58022,1340
