Year,Chemical,Production (MTCO2e),Calculated Consumption (MTCO2e),GWP,HFC Color
2022,HFC-125,67112773.56,140174035.14,3500,#283D73
2022,HFC-134,567659.69,458297.55,1100,#c54fca
2022,HFC-134a,87743181.86,74448465.4,1430,#99C750
2022,HFC-143a,-27246.43,5505901.75,4470,#77b6b1
2022,HFC-152,-7.07,-7.07,53,#12e282
2022,HFC-152a,3676841.47,3930357.84,124,#C5EBC3
2022,HFC-227ea,4264104,1116232.86,3220,#FF6F59
2022,HFC-23,70015.16,1530527.76,14800,#fecfe2
2022,HFC-236ea,44673.37,57725.36,1370,#A790A5
2022,HFC-236fa,-1500.34,2649009.76,9810,#63A46C
2022,HFC-245fa,4964361.97,5799100.42,1030,#540B0E
2022,HFC-32,11977231.32,18019835,675,#50EAD0
2022,HFC-365mfc,-23.67,881095.01,794,#9ea705
2022,HFC-41,2027.61,4097.99,92,#A31621
2022,HFC-43-10mee,-943.87,684030.06,1640,#AFF8D7
2023,HFC-125,67018237.85,142841130.27,3500,#283D73
2023,HFC-134,359548.55,321650.56,1100,#c54fca
2023,HFC-134a,70838376.25,64516731.13,1430,#99C750
2023,HFC-143a,-53187.63,8037684.27,4470,#77b6b1
2023,HFC-152a,4204165.59,4526388.08,124,#C5EBC3
2023,HFC-227ea,3496133,1169631.31,3220,#FF6F59
2023,HFC-23,91918.73,1262257.85,14800,#fecfe2
2023,HFC-236ea,10644.9,-3362.3,1370,#A790A5
2023,HFC-236fa,0,1529113.92,9810,#63A46C
2023,HFC-245fa,2656885.01,4256206.99,1030,#540B0E
2023,HFC-32,15156470.2,25752790.2,675,#50EAD0
2023,HFC-365mfc,0,351240.19,794,#9ea705
2023,HFC-41,2059.76,746.03,92,#A31621
2023,HFC-43-10mee,-1640.84,708646.74,1640,#AFF8D7
2024,HFC-125,54581315.83,98130975.75,3500,#283D73
2024,HFC-134,-504.45,-53328.67,1100,#c54fca
2024,HFC-134a,48737716.21,38052318.61,1430,#99C750
2024,HFC-143a,-42930.33,9021437.5,4470,#77b6b1
2024,HFC-152a,4229201.28,4538180.07,124,#C5EBC3
2024,HFC-227ea,4657841.11,-269813.01,3220,#FF6F59
2024,HFC-23,138755.56,799917.01,14800,#fecfe2
2024,HFC-236ea,46299.96,10584.33,1370,#A790A5
2024,HFC-236fa,0,16512.39,9810,#63A46C
2024,HFC-245fa,1555169.7,2411988.49,1030,#540B0E
2024,HFC-32,11832180.37,18763219.65,675,#50EAD0
2024,HFC-365mfc,-735.07,-735.07,794,#9ea705
2024,HFC-41,1560.84,678.16,92,#A31621
2024,HFC-43-10mee,-5715.88,387809.48,1640,#AFF8D7
2025,HFC-125,49655708.58,68048180.9,3500,#283D73
2025,HFC-134,-.21,-51867.79,1100,#c54fca
2025,HFC-134a,60161178.94,53875673.37,1430,#99C750
2025,HFC-143,-1.1,-1.1,353,#90b52f
2025,HFC-143a,-54880.51,13867284.2,4470,#77b6b1
2025,HFC-152a,3583457.78,3623188.24,124,#C5EBC3
2025,HFC-227ea,4516419.77,723039.29,3220,#FF6F59
2025,HFC-23,-18127.28,977492.7,14800,#fecfe2
2025,HFC-236ea,22432.11,20964.84,1370,#A790A5
2025,HFC-236fa,-2020.65,1981890.67,9810,#63A46C
2025,HFC-245fa,521017.92,216362.33,1030,#540B0E
2025,HFC-32,16093278.46,29065401.97,675,#50EAD0
2025,HFC-365mfc,-190.26,-190.26,794,#9ea705
2025,HFC-41,1434.72,986.14,92,#A31621
2025,HFC-43-10mee,-3291.59,384560.08,1640,#AFF8D7
