Year,Port of Entry,HFC or HFC Blend Imported,Quantity of HFC or HFC Blend Imported (MT),Quantity of HFC or HFC Blend Imported (MTCO2e),Total Quantity of HFCs Imported at Port (MT),Total Quantity of HFCs Imported at Port (MTCO2e),Total Port MT Imports Rank,Total Port MTCO2e Imports Rank,HFC Color
2022,"Savannah, Georgia - 1703",HFC-23,0.5040100000,7459.348000000,15488.5042180000,21749847.798950000,1,2,#fecfe2
2022,"Savannah, Georgia - 1703",HFC-152a,6919.0000000000,857956.000000000,15488.5042180000,21749847.798950000,1,2,#C5EBC3
2022,"Savannah, Georgia - 1703",HFC-125,2752.8400000000,9634940.000000000,15488.5042180000,21749847.798950000,1,2,#283D73
2022,"Savannah, Georgia - 1703",R-407C,7.7130000000,13681.705050000,15488.5042180000,21749847.798950000,1,2,#E88D67
2022,"Savannah, Georgia - 1703",R-410A,28.8110000000,60142.962500000,15488.5042180000,21749847.798950000,1,2,#05307e
2022,"Savannah, Georgia - 1703",HFC-134a,2117.9181600000,3028622.968800000,15488.5042180000,21749847.798950000,1,2,#99C750
2022,"Savannah, Georgia - 1703",HFC-32,285.0300480000,192395.282400000,15488.5042180000,21749847.798950000,1,2,#50EAD0
2022,"Savannah, Georgia - 1703",HFC-227ea,120.0000000000,386400.000000000,15488.5042180000,21749847.798950000,1,2,#FF6F59
2022,"Savannah, Georgia - 1703",R-404A,3.9200000000,15372.672000000,15488.5042180000,21749847.798950000,1,2,#EE8082
2022,"Savannah, Georgia - 1703",HFC-245fa,21.9900000000,22649.700000000,15488.5042180000,21749847.798950000,1,2,#540B0E
2022,"Savannah, Georgia - 1703",Other HFC Blends,1052.8410000000,2668459.742700000,15488.5042180000,21749847.798950000,1,2,#b8a090
2022,"Savannah, Georgia - 1703",R-507A,4.5370000000,18079.945000000,15488.5042180000,21749847.798950000,1,2,#98e94b
2022,"Savannah, Georgia - 1703",HFC-41,0.1300000000,11.960000000,15488.5042180000,21749847.798950000,1,2,#A31621
2022,"Savannah, Georgia - 1703",R-410B,2173.2700000000,4843675.512500000,15488.5042180000,21749847.798950000,1,2,#FAD201
2022,"Houston Seaport, Texas - 5301",HFC-23,42.6358800000,631011.024000000,10917.7232100000,15709779.450965900,2,3,#fecfe2
2022,"Houston Seaport, Texas - 5301",HFC-152a,2597.7274400000,322118.202560000,10917.7232100000,15709779.450965900,2,3,#C5EBC3
2022,"Houston Seaport, Texas - 5301",R-407C,75.0000000000,133038.750000000,10917.7232100000,15709779.450965900,2,3,#E88D67
2022,"Houston Seaport, Texas - 5301",R-404A,42.8370000000,167989.579200000,10917.7232100000,15709779.450965900,2,3,#EE8082
2022,"Houston Seaport, Texas - 5301",HFC-134a,904.6450000000,1293642.350000000,10917.7232100000,15709779.450965900,2,3,#99C750
2022,"Houston Seaport, Texas - 5301",R-458A,210.1039800000,346662.112320900,10917.7232100000,15709779.450965900,2,3,#8ecbe2
2022,"Houston Seaport, Texas - 5301",HFC-245fa,2621.1400000000,2699774.200000000,10917.7232100000,15709779.450965900,2,3,#540B0E
2022,"Houston Seaport, Texas - 5301",HFC-125,801.8240000000,2806384.000000000,10917.7232100000,15709779.450965900,2,3,#283D73
2022,"Houston Seaport, Texas - 5301",HFC-41,37.2260000000,3424.792000000,10917.7232100000,15709779.450965900,2,3,#A31621
2022,"Houston Seaport, Texas - 5301",R-410A,549.6825000000,1147462.218750000,10917.7232100000,15709779.450965900,2,3,#05307e
2022,"Houston Seaport, Texas - 5301",Other HFC Blends,2312.8866100000,4700985.621135000,10917.7232100000,15709779.450965900,2,3,#b8a090
2022,"Houston Seaport, Texas - 5301",HFC-143a,142.0000000000,634740.000000000,10917.7232100000,15709779.450965900,2,3,#77b6b1
2022,"Houston Seaport, Texas - 5301",HFC-236fa,16.0000000000,156960.000000000,10917.7232100000,15709779.450965900,2,3,#63A46C
2022,"Houston Seaport, Texas - 5301",HFC-32,452.0790000000,305153.325000000,10917.7232100000,15709779.450965900,2,3,#50EAD0
2022,"Houston Seaport, Texas - 5301",HFC-227ea,111.9358000000,360433.276000000,10917.7232100000,15709779.450965900,2,3,#FF6F59
2022,"New York/Newark, New Jersey - 4601",HFC-43-10mee,269.5000000000,441980.000000000,10348.5459618000,25747238.273658480,3,1,#AFF8D7
2022,"New York/Newark, New Jersey - 4601",HFC-236ea,18.1750000000,24899.750000000,10348.5459618000,25747238.273658480,3,1,#A790A5
2022,"New York/Newark, New Jersey - 4601",HFC-32,216.5321800000,146159.221500000,10348.5459618000,25747238.273658480,3,1,#50EAD0
2022,"New York/Newark, New Jersey - 4601",HFC-365mfc,207.3600000000,164643.840000000,10348.5459618000,25747238.273658480,3,1,#9ea705
2022,"New York/Newark, New Jersey - 4601",HFC-236fa,1.9000000000,18639.000000000,10348.5459618000,25747238.273658480,3,1,#63A46C
2022,"New York/Newark, New Jersey - 4601",Other HFC Blends,964.3451318000,1804030.955558480,10348.5459618000,25747238.273658480,3,1,#b8a090
2022,"New York/Newark, New Jersey - 4601",HFC-152a,1759.3000000000,218153.200000000,10348.5459618000,25747238.273658480,3,1,#C5EBC3
2022,"New York/Newark, New Jersey - 4601",HFC-41,0.0999000000,9.190800000,10348.5459618000,25747238.273658480,3,1,#A31621
2022,"New York/Newark, New Jersey - 4601",HFC-134a,1192.1241600000,1704737.548800000,10348.5459618000,25747238.273658480,3,1,#99C750
2022,"New York/Newark, New Jersey - 4601",HFC-125,5018.4300000000,17564505.000000000,10348.5459618000,25747238.273658480,3,1,#283D73
2022,"New York/Newark, New Jersey - 4601",HFC-143a,638.4300000000,2853782.100000000,10348.5459618000,25747238.273658480,3,1,#77b6b1
2022,"New York/Newark, New Jersey - 4601",HFC-227ea,3.0030000000,9669.660000000,10348.5459618000,25747238.273658480,3,1,#FF6F59
2022,"New York/Newark, New Jersey - 4601",HFC-23,52.8725900000,782514.332000000,10348.5459618000,25747238.273658480,3,1,#fecfe2
2022,"New York/Newark, New Jersey - 4601",R-410A,6.4740000000,13514.475000000,10348.5459618000,25747238.273658480,3,1,#05307e
2022,"Charleston, South Carolina - 1601",HFC-236fa,60.1000000000,589581.000000000,6557.0437324087,14718623.733694441,4,4,#63A46C
2022,"Charleston, South Carolina - 1601",Other HFC Blends,129.4440000000,153711.207600000,6557.0437324087,14718623.733694441,4,4,#b8a090
2022,"Charleston, South Carolina - 1601",HFC-134a,597.7352324087,854761.382344441,6557.0437324087,14718623.733694441,4,4,#99C750
2022,"Charleston, South Carolina - 1601",HFC-143a,36.0000000000,160920.000000000,6557.0437324087,14718623.733694441,4,4,#77b6b1
2022,"Charleston, South Carolina - 1601",R-410A,1125.3645000000,2349198.393750000,6557.0437324087,14718623.733694441,4,4,#05307e
2022,"Charleston, South Carolina - 1601",HFC-32,1953.6100000000,1318686.750000000,6557.0437324087,14718623.733694441,4,4,#50EAD0
2022,"Charleston, South Carolina - 1601",HFC-125,2654.7900000000,9291765.000000000,6557.0437324087,14718623.733694441,4,4,#283D73
2022,"Norfolk-Newport News, Virginia - 1401",R-404A,0.0200000000,78.432000000,3469.0157580832,7438936.441045910,5,5,#EE8082
2022,"Norfolk-Newport News, Virginia - 1401",HFC-41,0.3747000000,34.472400000,3469.0157580832,7438936.441045910,5,5,#A31621
2022,"Norfolk-Newport News, Virginia - 1401",R-407C,0.2950000000,523.285750000,3469.0157580832,7438936.441045910,5,5,#E88D67
2022,"Norfolk-Newport News, Virginia - 1401",R-422B,25.3120000000,63927.987200000,3469.0157580832,7438936.441045910,5,5,#7eced5
2022,"Norfolk-Newport News, Virginia - 1401",HFC-23,0.2380562860,3523.233032800,3469.0157580832,7438936.441045910,5,5,#fecfe2
2022,"Norfolk-Newport News, Virginia - 1401",HFC-152a,480.5000000000,59582.000000000,3469.0157580832,7438936.441045910,5,5,#C5EBC3
2022,"Norfolk-Newport News, Virginia - 1401",HFC-125,1453.5800000000,5087530.000000000,3469.0157580832,7438936.441045910,5,5,#283D73
2022,"Norfolk-Newport News, Virginia - 1401",HFC-236fa,0.0300000000,294.300000000,3469.0157580832,7438936.441045910,5,5,#63A46C
2022,"Norfolk-Newport News, Virginia - 1401",HFC-227ea,2.3482000000,7561.204000000,3469.0157580832,7438936.441045910,5,5,#FF6F59
2022,"Norfolk-Newport News, Virginia - 1401",Other HFC Blends,239.9103000000,541525.103150000,3469.0157580832,7438936.441045910,5,5,#b8a090
2022,"Norfolk-Newport News, Virginia - 1401",HFC-134a,518.9445200000,742090.663600000,3469.0157580832,7438936.441045910,5,5,#99C750
2022,"Norfolk-Newport News, Virginia - 1401",R-422D,75.9360000000,207225.547200000,3469.0157580832,7438936.441045910,5,5,#403dc5
2022,"Norfolk-Newport News, Virginia - 1401",HFC-43-10mee,162.0000000000,265680.000000000,3469.0157580832,7438936.441045910,5,5,#AFF8D7
2022,"Norfolk-Newport News, Virginia - 1401",HFC-32,427.8069817972,288769.712713110,3469.0157580832,7438936.441045910,5,5,#50EAD0
2022,"Norfolk-Newport News, Virginia - 1401",R-410A,81.7200000000,170590.500000000,3469.0157580832,7438936.441045910,5,5,#05307e
2022,"Miami Seaport, Florida - 5201",R-410B,756.6200000000,1686316.825000000,2191.4836600000,6160537.489000000,6,7,#FAD201
2022,"Miami Seaport, Florida - 5201",HFC-227ea,1.6870000000,5432.140000000,2191.4836600000,6160537.489000000,6,7,#FF6F59
2022,"Miami Seaport, Florida - 5201",HFC-125,1080.0000000000,3780000.000000000,2191.4836600000,6160537.489000000,6,7,#283D73
2022,"Miami Seaport, Florida - 5201",Other HFC Blends,285.6066000000,592163.338200000,2191.4836600000,6160537.489000000,6,7,#b8a090
2022,"Miami Seaport, Florida - 5201",HFC-134a,67.5700600000,96625.185800000,2191.4836600000,6160537.489000000,6,7,#99C750
2022,"Honolulu, Hawaii - 3201",HFC-125,1926.0000000000,6741000.000000000,1926.0000000000,6741000.000000000,7,6,#283D73
2022,"Mobile (Including Theodore), Alabama - 1901",HFC-32,505.1000000000,340942.500000000,1762.0477000000,3751592.320850000,8,9,#50EAD0
2022,"Mobile (Including Theodore), Alabama - 1901",HFC-227ea,0.0046000000,14.812000000,1762.0477000000,3751592.320850000,8,9,#FF6F59
2022,"Mobile (Including Theodore), Alabama - 1901",Other HFC Blends,643.5471000000,1226901.428850000,1762.0477000000,3751592.320850000,8,9,#b8a090
2022,"Mobile (Including Theodore), Alabama - 1901",HFC-245fa,0.0480000000,49.440000000,1762.0477000000,3751592.320850000,8,9,#540B0E
2022,"Mobile (Including Theodore), Alabama - 1901",HFC-134a,79.7980000000,114111.140000000,1762.0477000000,3751592.320850000,8,9,#99C750
2022,"Mobile (Including Theodore), Alabama - 1901",HFC-125,325.1500000000,1138025.000000000,1762.0477000000,3751592.320850000,8,9,#283D73
2022,"Mobile (Including Theodore), Alabama - 1901",HFC-143a,208.4000000000,931548.000000000,1762.0477000000,3751592.320850000,8,9,#77b6b1
2022,"Los Angeles/Long Beach Seaport, California - 2704",HFC-227ea,82.2040000000,264696.880000000,1703.5024300000,4406734.287356600,9,8,#FF6F59
2022,"Los Angeles/Long Beach Seaport, California - 2704",R-410A,182.1613500000,380261.818125000,1703.5024300000,4406734.287356600,9,8,#05307e
2022,"Los Angeles/Long Beach Seaport, California - 2704",HFC-134a,492.6422400000,704478.403200000,1703.5024300000,4406734.287356600,9,8,#99C750
2022,"Los Angeles/Long Beach Seaport, California - 2704",HFC-143a,453.0000000000,2024910.000000000,1703.5024300000,4406734.287356600,9,8,#77b6b1
2022,"Los Angeles/Long Beach Seaport, California - 2704",HFC-245fa,157.5000000000,162225.000000000,1703.5024300000,4406734.287356600,9,8,#540B0E
2022,"Los Angeles/Long Beach Seaport, California - 2704",HFC-41,0.3958000000,36.413600000,1703.5024300000,4406734.287356600,9,8,#A31621
2022,"Los Angeles/Long Beach Seaport, California - 2704",R-407C,12.8820000000,22850.735700000,1703.5024300000,4406734.287356600,9,8,#E88D67
2022,"Los Angeles/Long Beach Seaport, California - 2704",HFC-43-10mee,12.0000000000,19680.000000000,1703.5024300000,4406734.287356600,9,8,#AFF8D7
2022,"Los Angeles/Long Beach Seaport, California - 2704",Other HFC Blends,122.8695200000,275773.783000000,1703.5024300000,4406734.287356600,9,8,#b8a090
2022,"Los Angeles/Long Beach Seaport, California - 2704",R-458A,156.7615200000,258649.453731600,1703.5024300000,4406734.287356600,9,8,#8ecbe2
2022,"Los Angeles/Long Beach Seaport, California - 2704",HFC-125,14.7700000000,51695.000000000,1703.5024300000,4406734.287356600,9,8,#283D73
2022,"Los Angeles/Long Beach Seaport, California - 2704",HFC-23,16.3160000000,241476.800000000,1703.5024300000,4406734.287356600,9,8,#fecfe2
2022,"Area Port of Tampa, Florida - 1801",R-458A,19.5951900000,32331.181716450,1499.0951900000,2963293.681716450,10,10,#8ecbe2
2022,"Area Port of Tampa, Florida - 1801",HFC-32,795.5000000000,536962.500000000,1499.0951900000,2963293.681716450,10,10,#50EAD0
2022,"Area Port of Tampa, Florida - 1801",HFC-125,684.0000000000,2394000.000000000,1499.0951900000,2963293.681716450,10,10,#283D73
2023,"Savannah, Georgia - 1703",R-407C,9.0400000000,16035.604000000,14663.5855700000,11742693.086400000,1,5,#E88D67
2023,"Savannah, Georgia - 1703",HFC-32,4734.9707400000,3196105.249500000,14663.5855700000,11742693.086400000,1,5,#50EAD0
2023,"Savannah, Georgia - 1703",R-421A,397.7600000000,1046347.456000000,14663.5855700000,11742693.086400000,1,5,#75d0c8
2023,"Savannah, Georgia - 1703",HFC-134a,807.8400000000,1155211.200000000,14663.5855700000,11742693.086400000,1,5,#99C750
2023,"Savannah, Georgia - 1703",R-410A,144.6400000000,301936.000000000,14663.5855700000,11742693.086400000,1,5,#05307e
2023,"Savannah, Georgia - 1703",Other HFC Blends,323.2800000000,447192.950400000,14663.5855700000,11742693.086400000,1,5,#b8a090
2023,"Savannah, Georgia - 1703",HFC-125,1136.9000000000,3979150.000000000,14663.5855700000,11742693.086400000,1,5,#283D73
2023,"Savannah, Georgia - 1703",HFC-227ea,0.5400000000,1738.800000000,14663.5855700000,11742693.086400000,1,5,#FF6F59
2023,"Savannah, Georgia - 1703",R-410B,334.5900000000,745717.462500000,14663.5855700000,11742693.086400000,1,5,#FAD201
2023,"Savannah, Georgia - 1703",HFC-23,0.9048300000,13391.484000000,14663.5855700000,11742693.086400000,1,5,#fecfe2
2023,"Savannah, Georgia - 1703",HFC-152a,6773.1200000000,839866.880000000,14663.5855700000,11742693.086400000,1,5,#C5EBC3
2023,"New York/Newark, New Jersey - 4601",R-407C,81.6180000000,144778.089300000,12073.5163831400,27291939.850449925,2,1,#E88D67
2023,"New York/Newark, New Jersey - 4601",HFC-41,2.6468100000,243.506520000,12073.5163831400,27291939.850449925,2,1,#A31621
2023,"New York/Newark, New Jersey - 4601",HFC-32,48.5005400000,32737.864500000,12073.5163831400,27291939.850449925,2,1,#50EAD0
2023,"New York/Newark, New Jersey - 4601",HFC-23,42.9703800000,635961.624000000,12073.5163831400,27291939.850449925,2,1,#fecfe2
2023,"New York/Newark, New Jersey - 4601",HFC-134a,871.0833000000,1245649.119000000,12073.5163831400,27291939.850449925,2,1,#99C750
2023,"New York/Newark, New Jersey - 4601",HFC-365mfc,120.9600000000,96042.240000000,12073.5163831400,27291939.850449925,2,1,#9ea705
2023,"New York/Newark, New Jersey - 4601",HFC-143a,190.0000000000,849300.000000000,12073.5163831400,27291939.850449925,2,1,#77b6b1
2023,"New York/Newark, New Jersey - 4601",HFC-43-10mee,414.0000000000,678960.000000000,12073.5163831400,27291939.850449925,2,1,#AFF8D7
2023,"New York/Newark, New Jersey - 4601",Other HFC Blends,698.6980000000,1477514.392591625,12073.5163831400,27291939.850449925,2,1,#b8a090
2023,"New York/Newark, New Jersey - 4601",R-407A,18.0000000000,37926.000000000,12073.5163831400,27291939.850449925,2,1,#66CED6
2023,"New York/Newark, New Jersey - 4601",HFC-245fa,14.0000000000,14420.000000000,12073.5163831400,27291939.850449925,2,1,#540B0E
2023,"New York/Newark, New Jersey - 4601",R-410A,622.2955550000,1299041.971062500,12073.5163831400,27291939.850449925,2,1,#05307e
2023,"New York/Newark, New Jersey - 4601",HFC-152a,3110.4638500000,385697.517400000,12073.5163831400,27291939.850449925,2,1,#C5EBC3
2023,"New York/Newark, New Jersey - 4601",R-449A,0.0190000000,26.524665000,12073.5163831400,27291939.850449925,2,1,#C4C49E
2023,"New York/Newark, New Jersey - 4601",R-422B,32.0000000000,80819.200000000,12073.5163831400,27291939.850449925,2,1,#7eced5
2023,"New York/Newark, New Jersey - 4601",HFC-236fa,8.0026000000,78505.506000000,12073.5163831400,27291939.850449925,2,1,#63A46C
2023,"New York/Newark, New Jersey - 4601",HFC-227ea,53.1097481400,171013.389010800,12073.5163831400,27291939.850449925,2,1,#FF6F59
2023,"New York/Newark, New Jersey - 4601",HFC-125,5724.2034000000,20034711.900000000,12073.5163831400,27291939.850449925,2,1,#283D73
2023,"New York/Newark, New Jersey - 4601",HFC-236ea,20.7820000000,28471.340000000,12073.5163831400,27291939.850449925,2,1,#A790A5
2023,"New York/Newark, New Jersey - 4601",R-466A,0.1632000000,119.666400000,12073.5163831400,27291939.850449925,2,1,#e8b0d6
2023,"Houston Seaport, Texas - 5301",R-458A,294.8349400000,486464.383427700,11043.5452500000,15780914.879417700,3,4,#8ecbe2
2023,"Houston Seaport, Texas - 5301",R-466A,0.1190000000,87.256750000,11043.5452500000,15780914.879417700,3,4,#e8b0d6
2023,"Houston Seaport, Texas - 5301",HFC-125,318.3700000000,1114295.000000000,11043.5452500000,15780914.879417700,3,4,#283D73
2023,"Houston Seaport, Texas - 5301",HFC-32,267.9000000000,180832.500000000,11043.5452500000,15780914.879417700,3,4,#50EAD0
2023,"Houston Seaport, Texas - 5301",R-410A,2054.5300000000,4288831.375000000,11043.5452500000,15780914.879417700,3,4,#05307e
2023,"Houston Seaport, Texas - 5301",HFC-143a,217.2000000000,970884.000000000,11043.5452500000,15780914.879417700,3,4,#77b6b1
2023,"Houston Seaport, Texas - 5301",R-407A,11.5260000000,24285.282000000,11043.5452500000,15780914.879417700,3,4,#66CED6
2023,"Houston Seaport, Texas - 5301",HFC-245fa,2960.6140000000,3049432.420000000,11043.5452500000,15780914.879417700,3,4,#540B0E
2023,"Houston Seaport, Texas - 5301",R-404A,2.3370000000,9164.779200000,11043.5452500000,15780914.879417700,3,4,#EE8082
2023,"Houston Seaport, Texas - 5301",R-453A,243.2000000000,429330.688000000,11043.5452500000,15780914.879417700,3,4,#5ADA9B
2023,"Houston Seaport, Texas - 5301",HFC-227ea,151.5191900000,487891.791800000,11043.5452500000,15780914.879417700,3,4,#FF6F59
2023,"Houston Seaport, Texas - 5301",HFC-41,16.9540000000,1559.768000000,11043.5452500000,15780914.879417700,3,4,#A31621
2023,"Houston Seaport, Texas - 5301",R-448A,1.0540000000,1460.633200000,11043.5452500000,15780914.879417700,3,4,#C5C392
2023,"Houston Seaport, Texas - 5301",HFC-134a,775.7590000000,1109335.370000000,11043.5452500000,15780914.879417700,3,4,#99C750
2023,"Houston Seaport, Texas - 5301",Other HFC Blends,1151.6280000000,2506936.795020000,11043.5452500000,15780914.879417700,3,4,#b8a090
2023,"Houston Seaport, Texas - 5301",R-407C,185.0700000000,328286.419500000,11043.5452500000,15780914.879417700,3,4,#E88D67
2023,"Houston Seaport, Texas - 5301",HFC-152a,2357.1769800000,292289.945520000,11043.5452500000,15780914.879417700,3,4,#C5EBC3
2023,"Houston Seaport, Texas - 5301",HFC-23,33.7531400000,499546.472000000,11043.5452500000,15780914.879417700,3,4,#fecfe2
2023,"Charleston, South Carolina - 1601",HFC-125,3187.0200000000,11154570.000000000,8762.5300556342,20933036.305256906,4,2,#283D73
2023,"Charleston, South Carolina - 1601",HFC-134a,570.2522556342,815460.725556906,8762.5300556342,20933036.305256906,4,2,#99C750
2023,"Charleston, South Carolina - 1601",Other HFC Blends,95.2000000000,198730.000000000,8762.5300556342,20933036.305256906,4,2,#b8a090
2023,"Charleston, South Carolina - 1601",HFC-32,2323.8503000000,1568598.952500000,8762.5300556342,20933036.305256906,4,2,#50EAD0
2023,"Charleston, South Carolina - 1601",R-410A,477.5015000000,996784.381250000,8762.5300556342,20933036.305256906,4,2,#05307e
2023,"Charleston, South Carolina - 1601",R-404A,1.7440000000,6839.270400000,8762.5300556342,20933036.305256906,4,2,#EE8082
2023,"Charleston, South Carolina - 1601",R-454B,898.6000000000,417916.395000000,8762.5300556342,20933036.305256906,4,2,#ff76b5
2023,"Charleston, South Carolina - 1601",HFC-236fa,77.5000000000,760275.000000000,8762.5300556342,20933036.305256906,4,2,#63A46C
2023,"Charleston, South Carolina - 1601",HFC-227ea,5.8190000000,18737.180000000,8762.5300556342,20933036.305256906,4,2,#FF6F59
2023,"Charleston, South Carolina - 1601",R-407C,12.5430000000,22249.400550000,8762.5300556342,20933036.305256906,4,2,#E88D67
2023,"Charleston, South Carolina - 1601",HFC-143a,1112.5000000000,4972875.000000000,8762.5300556342,20933036.305256906,4,2,#77b6b1
2023,"Area Port of Tampa, Florida - 1801",R-421B,5700.0000000000,18180150.000000000,5700.0000000000,18180150.000000000,5,3,#534141
2023,"Norfolk-Newport News, Virginia - 1401",HFC-23,1.3072900000,19347.892000000,4295.9146100000,8113127.187341000,6,6,#fecfe2
2023,"Norfolk-Newport News, Virginia - 1401",R-438A,63.2800000000,143293.446800000,4295.9146100000,8113127.187341000,6,6,#38ecf4
2023,"Norfolk-Newport News, Virginia - 1401",HFC-134a,648.6358000000,927549.194000000,4295.9146100000,8113127.187341000,6,6,#99C750
2023,"Norfolk-Newport News, Virginia - 1401",Other HFC Blends,535.4140000000,1154799.531576000,4295.9146100000,8113127.187341000,6,6,#b8a090
2023,"Norfolk-Newport News, Virginia - 1401",R-508B,0.2606500000,1774.505200000,4295.9146100000,8113127.187341000,6,6,#172494
2023,"Norfolk-Newport News, Virginia - 1401",HFC-227ea,0.0080000000,25.760000000,4295.9146100000,8113127.187341000,6,6,#FF6F59
2023,"Norfolk-Newport News, Virginia - 1401",HFC-125,1418.6000000000,4965100.000000000,4295.9146100000,8113127.187341000,6,6,#283D73
2023,"Norfolk-Newport News, Virginia - 1401",R-407C,17.8265000000,31621.537025000,4295.9146100000,8113127.187341000,6,6,#E88D67
2023,"Norfolk-Newport News, Virginia - 1401",HFC-43-10mee,20.1000000000,32964.000000000,4295.9146100000,8113127.187341000,6,6,#AFF8D7
2023,"Norfolk-Newport News, Virginia - 1401",R-417A,0.0210000000,49.266000000,4295.9146100000,8113127.187341000,6,6,#d4e2d1
2023,"Norfolk-Newport News, Virginia - 1401",R-422B,25.3120000000,63927.987200000,4295.9146100000,8113127.187341000,6,6,#7eced5
2023,"Norfolk-Newport News, Virginia - 1401",HFC-152a,515.0667100000,63868.272040000,4295.9146100000,8113127.187341000,6,6,#C5EBC3
2023,"Norfolk-Newport News, Virginia - 1401",HFC-32,1050.0826600000,708805.795500000,4295.9146100000,8113127.187341000,6,6,#50EAD0
2023,"Miami Seaport, Florida - 5201",R-407C,34.8040000000,61737.075400000,2363.8384600000,2717266.191032500,7,9,#E88D67
2023,"Miami Seaport, Florida - 5201",R-410A,254.9815600000,532274.006500000,2363.8384600000,2717266.191032500,7,9,#05307e
2023,"Miami Seaport, Florida - 5201",Other HFC Blends,114.7054000000,235477.968100000,2363.8384600000,2717266.191032500,7,9,#b8a090
2023,"Miami Seaport, Florida - 5201",R-438A,6.9495000000,15736.691032500,2363.8384600000,2717266.191032500,7,9,#38ecf4
2023,"Miami Seaport, Florida - 5201",R-410B,335.5200000000,747790.200000000,2363.8384600000,2717266.191032500,7,9,#FAD201
2023,"Miami Seaport, Florida - 5201",HFC-32,1573.3580000000,1062016.650000000,2363.8384600000,2717266.191032500,7,9,#50EAD0
2023,"Miami Seaport, Florida - 5201",HFC-134a,43.5200000000,62233.600000000,2363.8384600000,2717266.191032500,7,9,#99C750
2023,"Los Angeles/Long Beach Seaport, California - 2704",R-421B,100.0000000000,318950.000000000,1729.7006456000,3840745.669757000,8,7,#534141
2023,"Los Angeles/Long Beach Seaport, California - 2704",R-410A,248.6203100000,518994.897125000,1729.7006456000,3840745.669757000,8,7,#05307e
2023,"Los Angeles/Long Beach Seaport, California - 2704",R-410B,800.0000000000,1783000.000000000,1729.7006456000,3840745.669757000,8,7,#FAD201
2023,"Los Angeles/Long Beach Seaport, California - 2704",HFC-23,24.2555200000,358981.696000000,1729.7006456000,3840745.669757000,8,7,#fecfe2
2023,"Los Angeles/Long Beach Seaport, California - 2704",HFC-143a,15.0000000000,67050.000000000,1729.7006456000,3840745.669757000,8,7,#77b6b1
2023,"Los Angeles/Long Beach Seaport, California - 2704",HFC-245fa,35.0000000000,36050.000000000,1729.7006456000,3840745.669757000,8,7,#540B0E
2023,"Los Angeles/Long Beach Seaport, California - 2704",R-404A,12.5190000000,49094.510400000,1729.7006456000,3840745.669757000,8,7,#EE8082
2023,"Los Angeles/Long Beach Seaport, California - 2704",HFC-43-10mee,8.4000000000,13776.000000000,1729.7006456000,3840745.669757000,8,7,#AFF8D7
2023,"Los Angeles/Long Beach Seaport, California - 2704",HFC-134a,485.9040000000,694842.720000000,1729.7006456000,3840745.669757000,8,7,#99C750
2023,"Los Angeles/Long Beach Seaport, California - 2704",HFC-227ea,0.0018156000,5.846232000,1729.7006456000,3840745.669757000,8,7,#FF6F59
2023,"Laredo, Texas - 2304",R-404A,0.9887900000,3877.638864000,1557.2746169041,3614464.510466850,9,8,#EE8082
2023,"Laredo, Texas - 2304",HFC-152a,318.3161000000,39471.196400000,1557.2746169041,3614464.510466850,9,8,#C5EBC3
2023,"Laredo, Texas - 2304",HFC-32,60.0000000000,40500.000000000,1557.2746169041,3614464.510466850,9,8,#50EAD0
2023,"Laredo, Texas - 2304",R-438A,0.0600000000,135.866100000,1557.2746169041,3614464.510466850,9,8,#38ecf4
2023,"Laredo, Texas - 2304",HFC-245fa,5.5300000000,5695.900000000,1557.2746169041,3614464.510466850,9,8,#540B0E
2023,"Laredo, Texas - 2304",HFC-125,749.1749469041,2622112.314164350,1557.2746169041,3614464.510466850,9,8,#283D73
2023,"Laredo, Texas - 2304",Other HFC Blends,9.8357200000,7311.161556000,1557.2746169041,3614464.510466850,9,8,#b8a090
2023,"Laredo, Texas - 2304",R-437A,3.3738500000,6089.967942500,1557.2746169041,3614464.510466850,9,8,#2fe7c0
2023,"Laredo, Texas - 2304",HFC-227ea,0.2250000000,724.500000000,1557.2746169041,3614464.510466850,9,8,#FF6F59
2023,"Laredo, Texas - 2304",R-448A,3.9198500000,5432.128130000,1557.2746169041,3614464.510466850,9,8,#C5C392
2023,"Laredo, Texas - 2304",R-513A,0.1510000000,95.009200000,1557.2746169041,3614464.510466850,9,8,#ff3333
2023,"Laredo, Texas - 2304",HFC-134a,216.6980400000,309878.197200000,1557.2746169041,3614464.510466850,9,8,#99C750
2023,"Laredo, Texas - 2304",R-449A,0.1260000000,175.900410000,1557.2746169041,3614464.510466850,9,8,#C4C49E
2023,"Laredo, Texas - 2304",HFC-143a,75.0000000000,335250.000000000,1557.2746169041,3614464.510466850,9,8,#77b6b1
2023,"Laredo, Texas - 2304",R-410A,113.8753200000,237714.730500000,1557.2746169041,3614464.510466850,9,8,#05307e
2023,"Area Port of Jacksonville, Florida - 1803",HFC-32,1528.9400000000,1032034.500000000,1528.9400000000,1032034.500000000,10,10,#50EAD0
2024,"Houston Seaport, Texas - 5301",R-422B,103.0560000000,260278.233600000,10924.8660800000,14589171.179990000,1,3,#7eced5
2024,"Houston Seaport, Texas - 5301",R-407C,36.1600000000,64142.416000000,10924.8660800000,14589171.179990000,1,3,#E88D67
2024,"Houston Seaport, Texas - 5301",HFC-134a,556.2340000000,795414.620000000,10924.8660800000,14589171.179990000,1,3,#99C750
2024,"Houston Seaport, Texas - 5301",HFC-152a,3941.9455800000,488801.251920000,10924.8660800000,14589171.179990000,1,3,#C5EBC3
2024,"Houston Seaport, Texas - 5301",R-438A,156.7020000000,354841.493370000,10924.8660800000,14589171.179990000,1,3,#38ecf4
2024,"Houston Seaport, Texas - 5301",HFC-32,30.9300000000,20877.750000000,10924.8660800000,14589171.179990000,1,3,#50EAD0
2024,"Houston Seaport, Texas - 5301",R-404A,11.0090000000,43172.894400000,10924.8660800000,14589171.179990000,1,3,#EE8082
2024,"Houston Seaport, Texas - 5301",HFC-41,16.0000000000,1472.000000000,10924.8660800000,14589171.179990000,1,3,#A31621
2024,"Houston Seaport, Texas - 5301",R-421B,170.0000000000,542215.000000000,10924.8660800000,14589171.179990000,1,3,#534141
2024,"Houston Seaport, Texas - 5301",R-410A,3938.0266000000,8220630.527500000,10924.8660800000,14589171.179990000,1,3,#05307e
2024,"Houston Seaport, Texas - 5301",R-508B,0.1279000000,870.743200000,10924.8660800000,14589171.179990000,1,3,#172494
2024,"Houston Seaport, Texas - 5301",HFC-143a,414.6000000000,1853262.000000000,10924.8660800000,14589171.179990000,1,3,#77b6b1
2024,"Houston Seaport, Texas - 5301",HFC-227ea,2.7260000000,8777.720000000,10924.8660800000,14589171.179990000,1,3,#FF6F59
2024,"Houston Seaport, Texas - 5301",HFC-245fa,1415.3100000000,1457769.300000000,10924.8660800000,14589171.179990000,1,3,#540B0E
2024,"Houston Seaport, Texas - 5301",HFC-236ea,0.0450000000,61.650000000,10924.8660800000,14589171.179990000,1,3,#A790A5
2024,"Houston Seaport, Texas - 5301",R-471A,0.7800000000,107.998800000,10924.8660800000,14589171.179990000,1,3,#5be761
2024,"Houston Seaport, Texas - 5301",R-448A,2.1140000000,2929.581200000,10924.8660800000,14589171.179990000,1,3,#C5C392
2024,"Houston Seaport, Texas - 5301",HFC-23,1.9200000000,28416.000000000,10924.8660800000,14589171.179990000,1,3,#fecfe2
2024,"Houston Seaport, Texas - 5301",HFC-125,127.1800000000,445130.000000000,10924.8660800000,14589171.179990000,1,3,#283D73
2024,"Charleston, South Carolina - 1601",HFC-125,736.8000000000,2578800.000000000,9447.9077511569,12578259.174654367,2,4,#283D73
2024,"Charleston, South Carolina - 1601",R-444A,67.2000000000,5859.840000000,9447.9077511569,12578259.174654367,2,4,#2b3df1
2024,"Charleston, South Carolina - 1601",HFC-134a,522.4887511569,747158.914154367,9447.9077511569,12578259.174654367,2,4,#99C750
2024,"Charleston, South Carolina - 1601",R-410A,2925.8950000000,6107805.812500000,9447.9077511569,12578259.174654367,2,4,#05307e
2024,"Charleston, South Carolina - 1601",HFC-32,3252.0840000000,2195156.700000000,9447.9077511569,12578259.174654367,2,4,#50EAD0
2024,"Charleston, South Carolina - 1601",R-422A,14.8000000000,46515.660000000,9447.9077511569,12578259.174654367,2,4,#EFA7A7
2024,"Charleston, South Carolina - 1601",R-454B,1928.6400000000,896962.248000000,9447.9077511569,12578259.174654367,2,4,#ff76b5
2024,"Savannah, Georgia - 1703",HFC-23,0.8545000000,12646.600000000,8384.8715600000,6465122.102650000,3,6,#fecfe2
2024,"Savannah, Georgia - 1703",R-421A,252.8800000000,665226.128000000,8384.8715600000,6465122.102650000,3,6,#75d0c8
2024,"Savannah, Georgia - 1703",R-421B,200.0000000000,637900.000000000,8384.8715600000,6465122.102650000,3,6,#534141
2024,"Savannah, Georgia - 1703",HFC-32,1251.6171800000,844841.596500000,8384.8715600000,6465122.102650000,3,6,#50EAD0
2024,"Savannah, Georgia - 1703",HFC-134a,651.9840000000,932337.120000000,8384.8715600000,6465122.102650000,3,6,#99C750
2024,"Savannah, Georgia - 1703",R-410A,1265.7876800000,2642331.782000000,8384.8715600000,6465122.102650000,3,6,#05307e
2024,"Savannah, Georgia - 1703",R-407C,13.2550000000,23512.381750000,8384.8715600000,6465122.102650000,3,6,#E88D67
2024,"Savannah, Georgia - 1703",HFC-125,34.8100000000,121835.000000000,8384.8715600000,6465122.102650000,3,6,#283D73
2024,"Savannah, Georgia - 1703",HFC-41,0.1632000000,15.014400000,8384.8715600000,6465122.102650000,3,6,#A31621
2024,"Savannah, Georgia - 1703",HFC-152a,4713.5200000000,584476.480000000,8384.8715600000,6465122.102650000,3,6,#C5EBC3
2024,"New York/Newark, New Jersey - 4601",HFC-245fa,28.0000000000,28840.000000000,7900.5173318100,18071461.644411000,4,2,#540B0E
2024,"New York/Newark, New Jersey - 4601",HFC-32,0.1266600000,85.495500000,7900.5173318100,18071461.644411000,4,2,#50EAD0
2024,"New York/Newark, New Jersey - 4601",HFC-227ea,37.4013118100,120432.224028200,7900.5173318100,18071461.644411000,4,2,#FF6F59
2024,"New York/Newark, New Jersey - 4601",HFC-23,25.4796500000,377098.820000000,7900.5173318100,18071461.644411000,4,2,#fecfe2
2024,"New York/Newark, New Jersey - 4601",Other HFC Blends,0.0317800000,0.469072800,7900.5173318100,18071461.644411000,4,2,#b8a090
2024,"New York/Newark, New Jersey - 4601",R-407A,17.0000000000,35819.000000000,7900.5173318100,18071461.644411000,4,2,#66CED6
2024,"New York/Newark, New Jersey - 4601",HFC-143a,2376.8000000000,10624296.000000000,7900.5173318100,18071461.644411000,4,2,#77b6b1
2024,"New York/Newark, New Jersey - 4601",HFC-43-10mee,252.0000000000,413280.000000000,7900.5173318100,18071461.644411000,4,2,#AFF8D7
2024,"New York/Newark, New Jersey - 4601",R-422D,51.0000000000,139176.450000000,7900.5173318100,18071461.644411000,4,2,#403dc5
2024,"New York/Newark, New Jersey - 4601",R-407F,50.2400000000,91662.880000000,7900.5173318100,18071461.644411000,4,2,#FAE1DF
2024,"New York/Newark, New Jersey - 4601",HFC-152a,1889.8300000000,234338.920000000,7900.5173318100,18071461.644411000,4,2,#C5EBC3
2024,"New York/Newark, New Jersey - 4601",HFC-134a,1882.7200000000,2692289.600000000,7900.5173318100,18071461.644411000,4,2,#99C750
2024,"New York/Newark, New Jersey - 4601",R-410A,659.2124700000,1376106.031125000,7900.5173318100,18071461.644411000,4,2,#05307e
2024,"New York/Newark, New Jersey - 4601",R-407C,139.0069000000,246577.389565000,7900.5173318100,18071461.644411000,4,2,#E88D67
2024,"New York/Newark, New Jersey - 4601",HFC-41,3.0593600000,281.461120000,7900.5173318100,18071461.644411000,4,2,#A31621
2024,"New York/Newark, New Jersey - 4601",HFC-236ea,8.8992000000,12191.904000000,7900.5173318100,18071461.644411000,4,2,#A790A5
2024,"New York/Newark, New Jersey - 4601",HFC-125,479.7100000000,1678985.000000000,7900.5173318100,18071461.644411000,4,2,#283D73
2024,"Area Port of Tampa, Florida - 1801",R-421B,6000.0000000000,19137000.000000000,6000.0000000000,19137000.000000000,5,1,#534141
2024,"Norfolk-Newport News, Virginia - 1401",HFC-143a,170.0000000000,759900.000000000,2877.5023400000,6711681.945620000,6,5,#77b6b1
2024,"Norfolk-Newport News, Virginia - 1401",R-438A,75.9360000000,171952.136160000,2877.5023400000,6711681.945620000,6,5,#38ecf4
2024,"Norfolk-Newport News, Virginia - 1401",HFC-152a,108.8692000000,13499.780800000,2877.5023400000,6711681.945620000,6,5,#C5EBC3
2024,"Norfolk-Newport News, Virginia - 1401",R-407C,16.7240000000,29665.867400000,2877.5023400000,6711681.945620000,6,5,#E88D67
2024,"Norfolk-Newport News, Virginia - 1401",R-508B,0.2179000000,1483.463200000,2877.5023400000,6711681.945620000,6,5,#172494
2024,"Norfolk-Newport News, Virginia - 1401",R-422B,63.2800000000,159819.968000000,2877.5023400000,6711681.945620000,6,5,#7eced5
2024,"Norfolk-Newport News, Virginia - 1401",HFC-41,0.1939300000,17.841560000,2877.5023400000,6711681.945620000,6,5,#A31621
2024,"Norfolk-Newport News, Virginia - 1401",Other HFC Blends,14.5000000000,25720.825000000,2877.5023400000,6711681.945620000,6,5,#b8a090
2024,"Norfolk-Newport News, Virginia - 1401",HFC-236fa,0.0040000000,39.240000000,2877.5023400000,6711681.945620000,6,5,#63A46C
2024,"Norfolk-Newport News, Virginia - 1401",HFC-125,1102.6800000000,3859380.000000000,2877.5023400000,6711681.945620000,6,5,#283D73
2024,"Norfolk-Newport News, Virginia - 1401",HFC-32,753.4184600000,508557.460500000,2877.5023400000,6711681.945620000,6,5,#50EAD0
2024,"Norfolk-Newport News, Virginia - 1401",R-422D,37.9680000000,103612.773600000,2877.5023400000,6711681.945620000,6,5,#403dc5
2024,"Norfolk-Newport News, Virginia - 1401",R-410A,461.0400000000,962421.000000000,2877.5023400000,6711681.945620000,6,5,#05307e
2024,"Norfolk-Newport News, Virginia - 1401",HFC-134a,68.5440000000,98017.920000000,2877.5023400000,6711681.945620000,6,5,#99C750
2024,"Norfolk-Newport News, Virginia - 1401",HFC-23,0.3717800000,5502.344000000,2877.5023400000,6711681.945620000,6,5,#fecfe2
2024,"Norfolk-Newport News, Virginia - 1401",HFC-227ea,3.7550700000,12091.325400000,2877.5023400000,6711681.945620000,6,5,#FF6F59
2024,"Brownsville, Texas - 2301",HFC-134a,1530.1482200000,2188111.954600000,1530.1482200000,2188111.954600000,7,7,#99C750
2024,"Area Port of Jacksonville, Florida - 1803",HFC-32,1203.2800000000,812214.000000000,1203.2800000000,812214.000000000,8,10,#50EAD0
2024,"Los Angeles/Long Beach Seaport, California - 2704",HFC-236fa,32.8450000000,322209.450000000,619.4413200000,1772883.099100000,9,8,#63A46C
2024,"Los Angeles/Long Beach Seaport, California - 2704",HFC-32,0.6000000000,405.000000000,619.4413200000,1772883.099100000,9,8,#50EAD0
2024,"Los Angeles/Long Beach Seaport, California - 2704",R-422B,2.2600000000,5707.856000000,619.4413200000,1772883.099100000,9,8,#7eced5
2024,"Los Angeles/Long Beach Seaport, California - 2704",R-404A,3.2700000000,12823.632000000,619.4413200000,1772883.099100000,9,8,#EE8082
2024,"Los Angeles/Long Beach Seaport, California - 2704",HFC-134a,237.7860000000,340033.980000000,619.4413200000,1772883.099100000,9,8,#99C750
2024,"Los Angeles/Long Beach Seaport, California - 2704",HFC-245fa,189.5000000000,195185.000000000,619.4413200000,1772883.099100000,9,8,#540B0E
2024,"Los Angeles/Long Beach Seaport, California - 2704",R-407A,6.7570000000,14236.999000000,619.4413200000,1772883.099100000,9,8,#66CED6
2024,"Los Angeles/Long Beach Seaport, California - 2704",HFC-43-10mee,3.6000000000,5904.000000000,619.4413200000,1772883.099100000,9,8,#AFF8D7
2024,"Los Angeles/Long Beach Seaport, California - 2704",R-410A,27.4925000000,57390.593750000,619.4413200000,1772883.099100000,9,8,#05307e
2024,"Los Angeles/Long Beach Seaport, California - 2704",R-438A,2.2600000000,5117.623100000,619.4413200000,1772883.099100000,9,8,#38ecf4
2024,"Los Angeles/Long Beach Seaport, California - 2704",R-407C,9.6050000000,17037.829250000,619.4413200000,1772883.099100000,9,8,#E88D67
2024,"Los Angeles/Long Beach Seaport, California - 2704",HFC-143a,71.1000000000,317817.000000000,619.4413200000,1772883.099100000,9,8,#77b6b1
2024,"Los Angeles/Long Beach Seaport, California - 2704",HFC-23,32.3658200000,479014.136000000,619.4413200000,1772883.099100000,9,8,#fecfe2
2024,"Mobile (Including Theodore), Alabama - 1901",HFC-134a,205.6320000000,294053.760000000,556.1720000000,1069452.260000000,10,9,#99C750
2024,"Mobile (Including Theodore), Alabama - 1901",HFC-125,118.4000000000,414400.000000000,556.1720000000,1069452.260000000,10,9,#283D73
2024,"Mobile (Including Theodore), Alabama - 1901",HFC-32,87.5000000000,59062.500000000,556.1720000000,1069452.260000000,10,9,#50EAD0
2024,"Mobile (Including Theodore), Alabama - 1901",R-410A,144.6400000000,301936.000000000,556.1720000000,1069452.260000000,10,9,#05307e
