Year,Chemical Manufacturing Facility,Location,Total Amount Generated (MT),Emissions (MT)
2023,Daikin America (MDA Manufacturing),"Decatur, AL",189.4300000,0.0046015
2023,Chemours Washington Works,"Washington, WV",23.5200000,9.9600000
2022,3M Cordova,"Cordova, IL",145.4900000,0.1200000
2023,Chemours Louisville Works,"Louisville, KY",369.8000000,30.9400000
2023,Honeywell International Geismar Complex,"Geismar, LA",3.1931000,0.1106000
2024,Honeywell International Geismar Complex,"Geismar, LA",2.3312000,0.0814200
2024,Arkema,"Calvert City, KY",12.2609600,0.5568000
2024,3M Cordova,"Cordova, IL",76.2400000,0.0600000
2022,Chemours Fayetteville Works,"Fayetteville, NC",6.3200000,0.0000000
2022,Daikin America,"Decatur, AL",26.0631046,0.0004691
2022,Honeywell International Geismar Complex,"Geismar, LA",2.0930000,0.1290000
2024,Chemours Washington Works,"Washington, WV",30.3900000,16.8500000
2023,Daikin America,"Decatur, AL",18.7048823,0.0003367
2022,Mexichem Fluor DBA Koura St. Gabriel Site,"St. Gabriel, LA",1.1600000,0.3200000
2022,Daikin America (MDA Manufacturing),"Decatur, AL",234.9600000,0.0057072
2022,Chemours Louisville Works,"Louisville, KY",532.7000000,147.8900000
2022,Chemours Washington Works,"Washington, WV",27.6900000,16.5600000
2023,3M Cordova,"Cordova, IL",119.6140000,0.0849000
2024,Chemours Louisville Works,"Louisville, KY",373.6000000,37.6700000
2024,Chemours Fayetteville Works,"Fayetteville, NC",6.0900000,0.0000000
2023,Chemours Corpus Christi Plant,"Gregory, TX",61.9011185,1.6260099
2023,Mexichem Fluor DBA Koura St. Gabriel Site,"St. Gabriel, LA",1.0400000,0.2700000
2022,Chemours Corpus Christi Plant,"Gregory, TX",57.2100000,1.4600000
2024,Mexichem Fluor DBA Koura St. Gabriel Site,"St. Gabriel, LA",0.9100000,0.2200000
2024,Chemours Corpus Christi Plant,"Gregory, TX",42.0500000,1.2300000
2022,Arkema,"Calvert City, KY",15.5700000,1.3800000
2023,Arkema,"Calvert City, KY",15.8400000,0.5000000
2024,Daikin America,"Decatur, AL",16.1486549,0.0003923
2023,Chemours Fayetteville Works,"Fayetteville, NC",5.8500000,0.0000000
2024,Daikin America (MDA Manufacturing),"Decatur, AL",155.9100000,0.0037871
