Year,Production (GHGRP - MMTCO2e),Production (AIM Act - MMTCO2e),Phasedown Limit (MMTCO2e),Phasedown Limit (percent)
2019,234,,,
2020,228,,,
2021,188,,,
2022,,180.39314863,344.299157,90%
2023,,163.77961137,344.299157,90%
2024,,,229.521263,60%
2025,,,229.521263,60%
2026,,,229.521263,60%
2027,,,229.521263,60%
2028,,,229.521263,60%
2029,,,114.760632,30%
2030,,,114.760632,30%
2031,,,114.760632,30%
2032,,,114.760632,30%
2033,,,114.760632,30%
2034,,,76.507088,20%
2035,,,76.507088,20%
2036,,,57.380316,15%
2037,,,57.380316,15%
2038,,,57.380316,15%
2039,,,57.380316,15%
